,year_month,despite Sentiment Score-Polarity,despite Sentiment Score-Subjectivity,despite,rate Sentiment Score-Polarity,rate Sentiment Score-Subjectivity,rate,electric Sentiment Score-Polarity,electric Sentiment Score-Subjectivity,electric,due Sentiment Score-Polarity,due Sentiment Score-Subjectivity,due,higher Sentiment Score-Polarity,higher Sentiment Score-Subjectivity,higher,saudi Sentiment Score-Polarity,saudi Sentiment Score-Subjectivity,saudi,output Sentiment Score-Polarity,output Sentiment Score-Subjectivity,output,government Sentiment Score-Polarity,government Sentiment Score-Subjectivity,government,warns Sentiment Score-Polarity,warns Sentiment Score-Subjectivity,warns,tesla Sentiment Score-Polarity,tesla Sentiment Score-Subjectivity,tesla
0,2007-01-01,0.053676587301587295,0.4310019841269841,350.0,0.008388257575757571,0.16709280303030302,346.0,0.03309788359788361,0.26692195767195764,288.0,-0.08790485209235212,0.41637635281385277,433.0,0.17321957671957672,0.4501236772486772,336.0,-0.09797979797979797,0.34494949494949495,196.0,-0.010156250000000002,0.25859375,283,0.07458333333333332,0.25875,334.0,0.0265638528138528,0.34368506493506495,366.0,-0.2222222222222222,0.3888888888888889,39
1,2007-02-01,0.051767676767676775,0.37587641117052883,306.0,0.08575837742504408,0.3128069461402795,266.0,0.02222222222222223,0.18364197530864196,255.0,,,,0.15792038027332142,0.466815210932858,266.0,-0.005867346938775507,0.3707766439909297,256.0,0.02805871212121212,0.3004734848484849,326,0.013773148148148145,0.17314814814814816,201.0,0.034183673469387756,0.3058673469387755,248.0,0.06999999999999999,0.5033333333333333,86
2,2007-03-01,0.13152680652680654,0.49889277389277387,185.0,0.10009259259259261,0.32357193732193734,323.0,0.06302421536796536,0.3503584956709957,201.0,-0.0896542809042809,0.39163696488696487,239.0,0.22862573099415207,0.4912573099415204,263.0,-0.09625,0.11583333333333332,266.0,0.08026094276094277,0.29724326599326606,280,0.06797619047619047,0.22222222222222224,247.0,0.0328042328042328,0.21078042328042332,348.0,0.15616883116883118,0.26996753246753247,171
3,2007-04-01,0.04768518518518517,0.3194444444444444,157.0,0.0023959373959373956,0.4438411588411588,236.0,0.08552188552188551,0.21161616161616162,104.0,-0.02870414673046252,0.37789407230196703,358.0,0.16499999999999998,0.53,74.0,0.10989304812834226,0.3795454545454546,250.0,0.12726805087916201,0.33922325102880657,335,0.16497668997668996,0.3106060606060606,190.0,0.11054994388327721,0.3152076318742985,271.0,0.11621031746031744,0.3241808390022675,219
4,2007-05-01,0.0022518939393939424,0.40329797979797977,354.0,0.13529356060606063,0.3120549242424242,257.0,-0.022974941724941727,0.21497668997669,359.0,-0.04499269005847953,0.414437134502924,342.0,0.1962533068783069,0.5217526455026454,327.0,-0.011842105263157899,0.19605263157894737,298.0,0.034002525252525256,0.424594356261023,341,0.10848484848484852,0.3777272727272727,276.0,0.04090909090909091,0.0787878787878788,126.0,0.23,0.5333333333333333,226
5,2007-06-01,0.06741886281359966,0.439276415592205,395.0,0.126010101010101,0.23221473999251768,403.0,-0.022803030303030304,0.3316750841750841,313.0,-0.08138257575757576,0.42032196969696967,344.0,0.2096921420083185,0.5224676916221034,579.0,0.01452020202020202,0.08080808080808083,253.0,0.03749858836815358,0.2751919819311124,359,0.05757575757575759,0.2653914141414141,298.0,0.028803141303141305,0.1362068487068487,347.0,0.03856060606060605,0.16272727272727272,238
6,2007-07-01,0.09617397186147185,0.456482683982684,338.0,-0.23095238095238096,0.255952380952381,130.0,-0.005639730639730641,0.29941077441077446,225.0,-0.05177651515151516,0.3730921717171717,353.0,0.06666666666666667,0.5444444444444444,25.0,0.0,0.0,16.0,0.05814732142857142,0.20033482142857142,253,0.08158008658008656,0.1905248917748918,324.0,0.03986013986013986,0.21043123543123546,170.0,0.16177048260381593,0.32429854096520755,224
7,2007-08-01,0.12024621212121214,0.362365845959596,692.0,0.03305465367965368,0.21991432178932174,566.0,0.11108428030303032,0.34453902867965364,418.0,-0.07986265718408574,0.42651695526695516,653.0,0.17394156769156768,0.4827273189773189,556.0,0.002518939393939395,0.0803409090909091,523.0,0.07685839880284323,0.29612607557052006,398,0.1834659090909092,0.36252525252525264,554.0,0.04408861340679523,0.24195362718089983,481.0,0.03228715728715729,0.24598364598364597,231
8,2007-09-01,0.0935843253968254,0.40960019841269846,336.0,0.22632954545454545,0.3858484848484848,211.0,0.06166666666666667,0.20891666666666664,252.0,-0.06284646464646464,0.41266464646464646,375.0,0.07833333333333327,0.506608187134503,229.0,0.14107142857142857,0.23523809523809525,288.0,0.09541666666666668,0.34664682539682534,292,0.009166666666666667,0.04916666666666667,438.0,-0.03068181818181818,0.15772727272727274,307.0,0.07519936204146731,0.24415204678362576,209
9,2007-10-01,0.011386904761904763,0.1917559523809524,345.0,0.10880663780663782,0.24674170274170276,344.0,0.07300715488215488,0.27366582491582486,264.0,-0.0987473544973545,0.4003822751322751,431.0,0.11574242424242424,0.4580580808080808,339.0,0.09418560606060607,0.20433712121212122,267.0,0.12946969696969696,0.36192676767676774,336,0.019582070707070708,0.19600505050505052,314.0,-0.06916666666666665,0.21749999999999997,232.0,0.09746753246753245,0.21873106060606062,235
10,2007-11-01,0.07833333333333334,0.31,373.0,0.09977272727272728,0.331534090909091,327.0,0.20620015948963316,0.41343035619351404,272.0,-0.0772205687830688,0.4201868386243386,396.0,0.19747159090909092,0.5235164141414141,356.0,0.014999999999999996,0.090625,313.0,0.1286147186147186,0.3864574314574315,279,0.07244318181818181,0.22147727272727274,322.0,-0.07590277777777778,0.1453472222222222,253.0,0.08840187590187591,0.22115440115440116,223
11,2007-12-01,0.12452551834130783,0.36481525784157365,357.0,0.21231060606060606,0.40582560296846015,254.0,0.09778619528619528,0.3187710437710437,265.0,-0.1013124667729931,0.3765583466241361,297.0,0.2233181818181818,0.5263939393939393,296.0,-0.012809917355371897,0.30805785123966944,155.0,0.07259415584415585,0.23293885281385288,300,0.08503787878787879,0.2577651515151515,97.0,0.016820987654320985,0.15046296296296297,183.0,0.13636031366294524,0.3293028973950026,289
12,2008-01-01,0.1627777777777778,0.41666666666666663,189.0,0.18148795648795646,0.36421911421911424,215.0,0.039595200121515906,0.1871762740183793,289.0,-0.0432794191919192,0.4303783249158248,326.0,0.17322544642857143,0.46567336309523805,266.0,0.06229166666666667,0.24312499999999998,302.0,-0.00939393939393939,0.15985645933014353,289,0.060606060606060615,0.23333333333333336,163.0,0.020075757575757573,0.15124458874458876,177.0,0.03298872180451129,0.23549498746867165,292
148,2008-02-01,,,,,,,,,,,,,,,,,,,0.07025613275613275,0.2720839345839346,175,,,,,,,0.06519961519961519,0.3113016613016613,161
13,2008-03-01,0.07791529130591632,0.3631892812049062,699.0,0.03114209555876223,0.2318718534551868,536.0,0.12403814935064934,0.27098728354978346,533.0,-0.061575439075439074,0.42095197470197465,677.0,0.1929804625199362,0.48436104465709723,652.0,0.054488636363636364,0.18671085858585862,533.0,0.12699765512265512,0.34329079485329483,345,0.08399971941638609,0.16029741863075198,538.0,0.12188973063973066,0.2642003367003367,493.0,0.18009032634032632,0.36746989121989115,346
14,2008-04-01,-0.07374503968253968,0.40488934676434685,375.0,0.1011212121212121,0.2820984848484848,313.0,-0.020952950558213723,0.5446305156831472,274.0,-0.0385770202020202,0.4338358585858586,394.0,0.20101945379723157,0.5139777403666292,255.0,-0.06958333333333332,0.40125,240.0,0.1361073137388927,0.3931647300068353,280,-0.22571770334928232,0.3721690590111642,308.0,0.021666666666666667,0.1775,273.0,0.130375,0.20608333333333334,296
15,2008-05-01,0.03738531144781144,0.4093981481481482,352.0,0.07086437685121895,0.47010347839295213,415.0,-0.02932449494949495,0.2393118686868687,254.0,0.0005208333333333343,0.4378125,336.0,0.21865972222222219,0.5006458333333332,308.0,0.02945075757575758,0.1639330808080808,273.0,0.08326176303854874,0.33729024943310654,341,0.05762445887445887,0.41173430735930727,313.0,0.05863636363636364,0.18170454545454545,253.0,0.06812500000000002,0.3186378205128205,318
16,2008-06-01,0.07404040404040405,0.2968939393939393,314.0,0.10276199494949495,0.35214646464646465,257.0,0.09312184343434342,0.35122790404040405,338.0,-0.13065625,0.38373611111111117,389.0,0.14631830523277892,0.4915347712716134,347.0,0.026249999999999996,0.08,312.0,0.05805274971941638,0.3380050505050505,270,0.040472132034632034,0.28471861471861476,326.0,0.042986111111111114,0.16909722222222226,265.0,0.020309343434343437,0.2407070707070707,276
17,2008-07-01,0.09476325757575757,0.38605113636363636,324.0,0.10278769841269841,0.19884920634920636,309.0,0.04368055555555555,0.15923611111111108,264.0,-0.038261994949494955,0.40049242424242426,410.0,0.17665090757196017,0.43468709652920184,294.0,0.0780701754385965,0.13771929824561405,276.0,0.10444230769230767,0.26654594017094013,312,0.08228174603174604,0.18144841269841272,332.0,0.006088383838383835,0.2497853535353535,320.0,0.038063909774436085,0.16087092731829575,268
18,2008-08-01,0.13572883597883598,0.3175648148148148,328.0,0.06657407407407409,0.23898148148148152,364.0,0.034625,0.27425,246.0,-0.04691624895572265,0.3757571010860485,363.0,0.1706140350877193,0.4615131578947368,307.0,0.06804761904761905,0.23814285714285713,314.0,0.05841558441558442,0.23055194805194806,245,0.09465909090909091,0.28031249999999996,352.0,-0.027916666666666666,0.22458333333333336,248.0,0.14607142857142857,0.39404761904761904,257
19,2008-09-01,0.15343749999999998,0.3767147435897436,340.0,0.04318751424014583,0.37650945545682396,355.0,0.08387247474747475,0.2757786195286195,348.0,-0.04763425925925925,0.4064606481481482,397.0,0.20664141414141413,0.44764730639730643,230.0,0.0816111111111111,0.22091666666666665,258.0,0.13712301587301587,0.1996924603174603,356,0.050909090909090904,0.27969696969696967,297.0,-0.003999999999999998,0.22816666666666668,263.0,0.08098484848484848,0.4383869949494949,292
20,2008-10-01,0.07075420875420875,0.44646464646464645,370.0,0.06325757575757576,0.19374999999999998,355.0,0.10013888888888889,0.4427777777777778,273.0,-0.04730195473251028,0.4053420781893004,359.0,0.1499425505050505,0.4896748737373738,336.0,0.11203703703703706,0.36111111111111116,288.0,0.042212331649831646,0.3300570887445887,354,0.055366161616161626,0.2414520202020202,339.0,0.010012626262626258,0.2757828282828283,311.0,0.10716639610389611,0.32563798701298696,291
21,2008-11-01,0.13849022633744854,0.33245884773662554,336.0,0.0043379914432545965,0.36502480949849364,355.0,0.11143246373509531,0.44586371231108063,281.0,0.000569510898458268,0.38514619883040935,383.0,0.21921296296296297,0.45543981481481477,333.0,-0.3416666666666667,0.4504487179487179,274.0,-0.07011363636363636,0.5229545454545454,263,0.020151515151515153,0.11606060606060606,273.0,0.046136363636363635,0.13545454545454544,282.0,0.04833964646464647,0.1765372474747475,281
22,2008-12-01,0.11695654019183432,0.5390529241999831,315.0,0.098875,0.19915865384615383,376.0,0.1895899787347156,0.2689792663476873,289.0,-0.024020800106326422,0.40910951621477937,422.0,0.21710317460317463,0.506082671957672,306.0,-0.003717732884399555,0.19588945005611672,293.0,0.055296384901648066,0.2606359649122807,356,-0.013226247436773758,0.24536530720741243,329.0,0.11803030303030301,0.29537878787878796,272.0,0.03361244019138756,0.4294391281233386,285
23,2009-01-01,0.06193700396825397,0.40135168650793657,344.0,-0.03354031385281385,0.5130551046176046,342.0,0.18048245614035088,0.3064473684210527,320.0,0.020416666666666673,0.4525073099415205,368.0,0.19729797979797978,0.510530303030303,324.0,-0.019166666666666672,0.225,305.0,0.07127673611111113,0.34147152777777784,374,0.045150755677071476,0.405863142705248,301.0,-0.04091991341991342,0.2812202380952381,253.0,0.08268208399787348,0.3574295587453482,339
24,2009-03-01,0.08039593122926456,0.4480257242757243,769.0,0.05691179653679653,0.3409559884559884,689.0,0.08361975061975063,0.3183649128649128,626.0,-0.03861037986037986,0.3831689969189969,701.0,0.18269536886724388,0.49705321067821073,671.0,0.11622727272727273,0.24925378787878785,557.0,0.09898504273504276,0.27459757834757836,704,0.08517748917748919,0.24479996392496392,682.0,-0.013868371212121209,0.25848958333333333,521.0,0.031451569264069265,0.3345409451659452,604
25,2009-05-01,0.085002035002035,0.43305782536551773,609.0,0.005490493911546544,0.27400217716007186,680.0,0.1417160443722944,0.4116700487012987,660.0,-0.053360218253968264,0.4089240410052911,721.0,0.2673414702581369,0.48967732884399556,549.0,0.07674801587301591,0.30566269841269833,549.0,0.06781517094017094,0.2391168091168091,673,0.07646780303030305,0.25748241341991335,639.0,0.01943204365079365,0.14617063492063492,511.0,0.12171622474747475,0.26136773989898987,491
26,2009-06-01,0.07857316903369538,0.36202311333890275,381.0,0.13164321789321792,0.2471771284271284,342.0,0.13832095464448405,0.33973905723905723,259.0,-0.0235,0.4036041666666666,382.0,0.15413078149920253,0.4550056960583277,330.0,0.12820707070707069,0.3515467171717172,272.0,0.12227840909090906,0.33107449494949504,329,0.08349282296650717,0.3090111642743221,328.0,-0.3165151515151515,0.7260606060606061,291.0,0.17991666666666667,0.3784814814814815,277
27,2009-07-01,0.2617550505050505,0.5460695415695417,361.0,0.16922727272727275,0.3459034090909091,352.0,0.060762626262626275,0.31857449494949497,305.0,-0.04811868686868687,0.3820580808080808,331.0,0.2594924812030075,0.4917293233082707,237.0,-0.09511363636363637,0.3920378787878788,231.0,0.002393987956487956,0.34634508547008547,305,0.013636363636363636,0.37014204545454543,344.0,-0.25606060606060604,0.31424242424242427,237.0,0.13065151515151513,0.22972727272727272,246
28,2009-08-01,0.10587205387205387,0.32123400673400676,320.0,0.11852651515151517,0.34593560606060614,313.0,0.12374876585402905,0.37442849548112705,274.0,-0.059011904761904765,0.4341964285714286,397.0,0.1810051406926407,0.4398735119047619,301.0,-0.05052213868003343,0.1608604845446951,256.0,0.07418939393939394,0.3406041666666667,319,0.03681220095693779,0.166347687400319,318.0,-0.08458333333333334,0.24736111111111114,274.0,0.165625,0.23722222222222222,207
29,2009-09-01,0.1155340909090909,0.24694696969696972,326.0,0.08939109136477556,0.46111357940305314,369.0,0.14057017543859648,0.2756578947368421,231.0,0.02971375408217513,0.4036470342522974,388.0,0.21295833333333336,0.454125,239.0,0.11507177033492824,0.3239234449760766,268.0,0.05658692185007975,0.2949175970228602,331,0.06542766955266957,0.20704365079365078,338.0,-0.028463203463203468,0.2230194805194805,272.0,0.11595075757575754,0.27125,319
30,2009-10-01,0.09497790404040404,0.3072411616161616,304.0,-0.04299743466410134,0.32590796549129886,281.0,-0.011931818181818188,0.1741161616161616,241.0,-0.03250694444444445,0.41393749999999996,368.0,0.16624684343434346,0.5040056818181818,320.0,0.004318181818181818,0.15272727272727274,247.0,0.07855263157894736,0.2827046783625732,330,0.08,0.35624999999999996,296.0,-0.058387896825396815,0.41770337301587307,299.0,0.07176497113997113,0.30558892496392487,295
31,2009-11-01,0.07372979797979799,0.33958080808080804,330.0,-0.009594696969696975,0.3037329545454545,310.0,0.05662337662337663,0.20172077922077922,254.0,-0.06431953463203463,0.4667110088985089,340.0,0.15268623737373738,0.4706786616161616,299.0,-0.034791666666666665,0.3229166666666667,254.0,0.04070075757575757,0.2680113636363636,346,-0.032404761904761895,0.16253571428571428,316.0,-0.14333333333333328,0.2783333333333333,282.0,0.2673376623376623,0.3883279220779221,263
32,2009-12-01,0.1320893141945774,0.41019537480063795,352.0,0.04583333333333334,0.07416666666666666,272.0,0.03352272727272729,0.3300757575757576,286.0,-0.02853760822510822,0.39801286676286673,309.0,0.2364108187134503,0.4482383040935673,314.0,0.03590909090909091,0.10886363636363636,292.0,0.1180952380952381,0.283561507936508,339,0.0839105339105339,0.3434054834054834,288.0,-0.0014583333333333336,0.20208333333333334,299.0,0.10487373737373737,0.22994949494949496,247
33,2010-01-01,0.15842703349282294,0.4205535619351409,282.0,0.15047619047619049,0.36071428571428565,361.0,0.10723358585858586,0.2551212121212121,316.0,-0.04466666666666667,0.38399999999999995,375.0,0.1972011784511785,0.4726921997755331,302.0,-0.05227272727272729,0.32909090909090905,304.0,0.09618686868686867,0.47330808080808084,294,0.06049873737373738,0.2998800505050505,309.0,-0.054015151515151516,0.1368939393939394,337.0,0.008193181818181818,0.08281060606060606,277
34,2010-03-01,0.12047664141414138,0.3806111111111111,655.0,0.07783022533022535,0.38684720550105167,663.0,-0.012944347319347318,0.1851948976948977,552.0,-0.024533105783105785,0.3937190124690125,805.0,0.16973226773226774,0.47395004995005,620.0,0.036458333333333336,0.125,604.0,0.07643939393939395,0.24788825757575758,611,0.019145021645021642,0.20233360389610383,595.0,0.0012108585858585917,0.18525378787878788,506.0,0.09011115011115009,0.34044879294879304,388
35,2010-05-01,0.07490404040404039,0.4453421717171717,776.0,0.1171878121878122,0.21267121767121772,577.0,0.0878904428904429,0.24395104895104894,495.0,-0.012157524493050803,0.43239419571656407,699.0,0.28522403522403517,0.5177577052577053,520.0,0.05958739177489177,0.2797059884559885,569.0,0.11003959003959005,0.32538988788988793,602,0.027305449180449175,0.30312685000185,634.0,0.09324810606060606,0.2824242424242425,563.0,0.11507705257705259,0.3235495985495985,501
36,2010-07-01,0.07340470019746334,0.3834877677147414,668.0,0.19141229141229135,0.2868111518111518,608.0,0.06197089947089946,0.32433862433862437,455.0,-0.04306129056129055,0.3861371961371961,676.0,0.16162030677655675,0.4572914758852259,625.0,0.09358650608650608,0.16628787878787873,500.0,0.057966991341991334,0.36709357309357304,622,0.1301427738927739,0.30033022533022535,644.0,-0.029678932178932183,0.2507147366522366,619.0,0.04334693084693085,0.2555296555296555,501
37,2010-08-01,-0.04288149350649349,0.48489898989898983,349.0,0.1143949617633828,0.35439721097615834,279.0,0.07899863294600136,0.25944976076555026,230.0,-0.026928661616161614,0.3557354797979798,338.0,0.20612041467304623,0.5028575225943647,276.0,0.027192982456140352,0.1894736842105263,259.0,0.14453216374269007,0.574327485380117,335,-0.005090852130325823,0.3750887635756056,334.0,-0.06166666666666667,0.3416666666666667,235.0,0.08333333333333334,0.2,251
38,2010-09-01,0.23946981721981722,0.4787821067821068,390.0,0.19502465127465127,0.29495298220298216,342.0,0.06875000000000002,0.31250000000000006,365.0,-0.038184974747474745,0.31705492424242426,333.0,0.20209031986531983,0.5315359427609427,319.0,0.10991017316017315,0.38085335497835493,312.0,0.07093560606060606,0.3200492424242424,364,-0.02003652597402597,0.36526019119769126,317.0,-0.013621212121212135,0.37681818181818183,316.0,0.09523809523809523,0.14821428571428572,208
39,2010-10-01,0.12150119617224879,0.3876993620414673,371.0,0.07958152958152959,0.250986050986051,216.0,0.007575757575757575,0.047474747474747475,205.0,-0.128711456671983,0.3995680489101541,301.0,0.19968479437229436,0.4894543650793651,294.0,0.04348484848484848,0.27272727272727276,297.0,0.0475,0.159375,361,0.20256140350877191,0.4529649122807017,326.0,0.08545454545454545,0.2356818181818182,259.0,0.04292264752791069,0.12567783094098883,231
40,2010-11-01,0.11139449001291109,0.4713811042758412,349.0,0.21731547619047623,0.31697023809523817,330.0,0.15238311688311687,0.42494372294372307,273.0,0.020889581909318753,0.4221214969241285,322.0,0.22123611111111113,0.508,318.0,0.05458646616541352,0.26989974937343364,308.0,0.07715686274509809,0.3865686274509805,313,0.014100592390066072,0.44537129537129533,305.0,-0.0030303030303030303,0.23666982323232316,366.0,0.08831845238095237,0.25644345238095234,244
41,2010-12-01,0.23494152046783623,0.4273391812865497,363.0,0.12966610549943886,0.38742611298166857,287.0,0.06509199134199134,0.2746320346320346,239.0,-0.009801136363636359,0.4246212121212122,295.0,0.15669332210998876,0.48091189674523005,274.0,0.10227272727272728,0.2837195484254308,224.0,0.043091261808367066,0.2623658906882591,313,0.019440647072226022,0.17931761221234907,278.0,0.1075,0.3275,278.0,0.14912280701754385,0.3087719298245614,252
42,2011-01-01,0.07769246031746033,0.460484126984127,359.0,0.05051948051948052,0.2681709956709956,302.0,0.04466540404040405,0.27328282828282824,243.0,-0.012783094098883572,0.4235087719298245,306.0,0.23684722222222226,0.4663611111111111,272.0,-0.004722222222222223,0.1538888888888889,262.0,0.11903030303030301,0.4242954545454546,303,-0.0074305555555555566,0.20222222222222222,253.0,-0.00029220779220779367,0.20122835497835498,239.0,0.0268452380952381,0.4252976190476191,222
43,2011-03-01,0.1285416666666666,0.3366666666666666,365.0,0.022328763828763826,0.23301034151034145,236.0,-0.08615098351940456,0.36229399255715045,299.0,-0.08494629629629631,0.3738074074074075,331.0,0.16568838383838386,0.47431035353535356,348.0,0.07700000000000001,0.14472222222222222,260.0,0.04647058823529412,0.30238562091503274,286,0.09465909090909089,0.26747474747474753,301.0,-0.0012500000000000024,0.18375,293.0,0.07791666666666668,0.3898015873015873,283
44,2011-04-01,0.2014626623376623,0.507357683982684,375.0,0.03377946127946128,0.1772685185185185,248.0,0.07215311004784687,0.14076555023923443,217.0,-0.09885509227614489,0.463940628085365,410.0,0.21228409090909092,0.47165530303030306,314.0,-0.011607744107744112,0.1248148148148148,201.0,0.02428787878787879,0.11722348484848485,271,-0.0033270202020202035,0.2561805555555555,342.0,-0.023459595959595965,0.18779671717171717,267.0,0.3132575757575758,0.649469696969697,257
45,2011-05-01,0.19150527834738362,0.4118767562846509,636.0,0.08987544619123566,0.378056694767221,588.0,0.05281944444444444,0.21176388888888886,528.0,-0.032638874283611126,0.42989065393670645,642.0,0.24002173752173753,0.5099751174751173,602.0,0.0455,0.20929166666666665,436.0,0.029189102564102537,0.28330992618492623,574,0.014670910230120758,0.18444762474367737,544.0,-0.006143939393939399,0.3099507575757575,573.0,0.11632575757575755,0.33171296296296293,545
46,2011-07-01,0.15248827561327563,0.39483261183261176,696.0,0.05890874557541224,0.29818138651471987,556.0,0.10228637103637105,0.3256148943648944,570.0,-0.05299547558922559,0.3891381523569023,697.0,0.23163296498822813,0.5290365433786488,608.0,0.012606837606837607,0.2400997150997151,505.0,0.12339772727272731,0.28071085858585854,652,0.03083129833129833,0.18138380138380136,603.0,0.04522321428571428,0.2617857142857143,515.0,0.15287490287490288,0.3415695415695416,480
47,2011-08-01,0.2090972222222222,0.3304166666666667,345.0,0.0874401913875598,0.3489234449760765,272.0,0.07836352244246982,0.41505468215994534,270.0,0.0032894736842105365,0.449780701754386,319.0,0.25086458333333334,0.49283333333333335,300.0,0.06208333333333334,0.20625,222.0,0.08221103896103894,0.3266201298701298,290,0.020331439393939395,0.3260006313131313,372.0,0.025681818181818184,0.04613636363636363,237.0,0.1327435064935065,0.29224025974025974,247
48,2011-09-01,0.15316658649991982,0.41584335417668744,317.0,0.08216287878787878,0.26501515151515154,278.0,0.03740740740740741,0.11481481481481481,257.0,-0.021479004329004327,0.4251619047619048,327.0,0.12659722222222222,0.47340277777777773,327.0,0.024166666666666663,0.05625,195.0,0.11487500000000002,0.44783333333333336,326,-0.00891148325358851,0.3753389154704944,327.0,-0.04346338383838386,0.4183118686868686,290.0,0.030808080808080802,0.05454545454545455,229
49,2011-10-01,0.2169269480519481,0.5173814935064935,332.0,0.15990601503759397,0.2920989974937343,291.0,0.0364448051948052,0.1820937950937951,281.0,-0.010684046345811046,0.37202540106951865,304.0,0.271,0.500875,295.0,0.07987373737373739,0.16967171717171717,232.0,0.0872388653013653,0.28109658397158394,322,0.04877777777777777,0.26183730158730156,304.0,-0.0077777777777777776,0.19819444444444448,256.0,0.08888888888888888,0.21388888888888888,193
50,2011-11-01,0.2180436507936508,0.38587301587301587,333.0,-0.0011666666666666713,0.3578333333333333,264.0,0.04362041467304625,0.09744816586921849,244.0,-0.10461309523809524,0.3648065476190476,225.0,0.16554385964912283,0.4575701754385964,295.0,0.075,0.09078947368421053,129.0,0.11687499999999999,0.21604166666666663,309,-0.06999999999999998,0.23729166666666662,276.0,0.030799242424242416,0.3169280303030303,311.0,0.12759469696969697,0.3429545454545455,302
51,2011-12-01,0.14000040584415582,0.4371168831168831,347.0,0.21988826232247283,0.3490862573099415,337.0,0.09184469696969697,0.1963712121212121,225.0,-0.04895102813852814,0.38607494588744584,348.0,0.11175304633637967,0.39087692400192403,226.0,0.019318181818181818,0.04772727272727273,153.0,0.13745707070707072,0.3877777777777778,386,-0.027083333333333338,0.2808333333333333,287.0,-0.07479166666666666,0.2525,254.0,0.12185064935064933,0.4218253968253968,264
52,2012-01-01,0.03433014354066985,0.4575102529049897,364.0,0.0925,0.11696428571428572,264.0,0.18804797979797977,0.37816919191919196,304.0,-0.012868629908103592,0.4271783625730994,302.0,0.23071301247771836,0.521559714795009,245.0,0.007575757575757575,0.08333333333333333,80.0,0.052055555555555556,0.24877777777777776,284,0.09668290043290045,0.42265873015873023,336.0,0.06654761904761905,0.09226190476190477,295.0,0.0014705882352941157,0.17222222222222222,183
53,2012-02-01,0.17229166666666665,0.36750000000000005,315.0,0.03375199362041468,0.35183413078149917,327.0,0.15328358775727197,0.44567517278043595,300.0,-0.07864035087719298,0.4083552631578947,265.0,0.1960719696969697,0.4961944444444445,300.0,0.0,0.0035087719298245615,107.0,0.03158333333333334,0.31675,340,-0.002339181286549706,0.3140350877192983,299.0,0.04681818181818182,0.09272727272727273,238.0,0.013744588744588742,0.1394660894660895,204
54,2012-03-01,0.13970959595959595,0.468219696969697,348.0,0.0032638888888888856,0.17965277777777774,278.0,0.08496933621933622,0.39042027417027414,268.0,-0.0009245230078563386,0.46254910213243555,247.0,0.19994873547505126,0.4255235626946153,267.0,0.02909090909090909,0.15613636363636363,133.0,-0.00916666666666667,0.4091666666666667,294,0.0040935672514619895,0.28625730994152043,264.0,-0.053125,0.22374999999999998,254.0,0.03670454545454545,0.2973484848484848,322
55,2012-04-01,0.09577083333333333,0.4328333333333333,395.0,0.05121212121212122,0.3766792929292929,312.0,0.1879709595959596,0.3449078282828283,210.0,-0.0038137958532695458,0.42738237639553434,305.0,0.22777777777777777,0.47333333333333333,269.0,0.00802139037433155,0.026737967914438502,195.0,0.07339583333333333,0.30285416666666665,323,0.027450980392156862,0.26895424836601306,295.0,-0.09021825396825396,0.48130952380952385,305.0,0.03924641148325359,0.2508213716108453,293
56,2012-05-01,0.03918204365079365,0.40262103174603175,332.0,-0.08512493354598617,0.480675172780436,282.0,0.068505354294828,0.22612895876053773,248.0,0.015245215311004782,0.3856426103136629,393.0,0.2518229166666667,0.49856481481481485,298.0,0.18562259499759498,0.2663307178932179,158.0,0.04893055555555556,0.26190277777777776,325,0.079585326953748,0.24254385964912276,323.0,0.028674242424242425,0.22092803030303027,234.0,0.14040404040404042,0.24579124579124578,247
57,2012-06-01,0.08809974747474747,0.4640782828282829,347.0,0.020984848484848485,0.21494949494949495,244.0,0.0824940476190476,0.26086904761904756,216.0,-0.04712500000000001,0.4143402777777778,361.0,0.16620702640439486,0.5185185185185185,299.0,0.03925723399407609,0.14328434723171565,214.0,0.14443912812333862,0.3162200956937799,319,0.1547049441786284,0.2759170653907496,290.0,-0.014166666666666666,0.18708333333333332,250.0,0.056666666666666664,0.3091666666666667,278
58,2012-07-01,0.06509433621933625,0.4926446608946609,376.0,-0.0021666666666666713,0.1660952380952381,290.0,0.04513936356041619,0.18686109212425,198.0,-0.06262021080771082,0.4049592467717468,357.0,0.24078409090909095,0.4739886363636364,301.0,0.1,0.1611111111111111,175.0,-0.12229166666666665,0.39958333333333335,281,0.058208020050125306,0.26033834586466165,250.0,0.26,0.3383333333333333,196.0,0.095,0.42749999999999994,321
59,2012-08-01,0.17033492822966512,0.41537081339712917,321.0,0.14294117647058824,0.20656862745098037,222.0,0.133270202020202,0.4048358585858586,300.0,-0.022809944684944683,0.41652116402116396,346.0,0.24215909090909093,0.5562247474747475,302.0,0.003750000000000002,0.08666666666666664,174.0,0.05623881673881672,0.38162012987012994,328,0.0808234126984127,0.26681216931216933,291.0,0.011401515151515159,0.18606060606060607,312.0,0.23015151515151516,0.4418939393939394,254
60,2012-09-01,0.049080387205387196,0.32506734006734,343.0,0.03837719298245614,0.17434210526315788,194.0,0.010378472222222223,0.24797222222222218,237.0,-0.04764724310776941,0.45035331384015587,336.0,0.2800358851674641,0.5208213716108453,274.0,-0.02345959595959595,0.1180050505050505,207.0,0.004799182299182294,0.15524771524771525,305,0.1059047619047619,0.22529563492063492,278.0,-0.09062499999999998,0.14583333333333331,268.0,-0.0010606060606060536,0.2667424242424242,248
61,2012-10-01,0.13723484848484852,0.4179356060606061,298.0,-0.0422037037037037,0.22385648148148146,321.0,0.1137844611528822,0.24097744360902254,289.0,-0.01816520467836257,0.37918859649122805,280.0,0.15439814814814815,0.5209673489278752,318.0,0.07850877192982457,0.14385964912280702,180.0,0.0008500000000000077,0.2698166666666667,361,0.10944976076555021,0.29992025518341303,286.0,0.08497474747474747,0.32485101010101014,289.0,0.03971291866028708,0.08983253588516746,209
62,2012-11-01,0.08942635489510489,0.3030423222610722,349.0,0.04223057644110275,0.08959899749373433,220.0,-0.0063095238095238065,0.17773809523809525,265.0,-0.058721590909090925,0.37737689393939394,347.0,0.19608225108225108,0.48457972582972575,278.0,0.006578947368421052,0.021929824561403508,119.0,0.07831738437001595,0.24779405901116427,282,0.059790404040404053,0.39448611111111115,312.0,0.0007291666666666641,0.22552083333333334,255.0,0.056590909090909094,0.17488636363636362,315
63,2012-12-01,0.22949810606060606,0.42396780303030307,337.0,0.0869268077601411,0.25242504409171074,291.0,0.005357142857142861,0.1657142857142857,221.0,-0.06419434001670844,0.3856203007518797,300.0,0.28008680555555554,0.49835069444444446,331.0,0.03361111111111111,0.04666666666666667,125.0,-0.03066666666666667,0.3335833333333333,317,0.12675685425685426,0.30573412698412694,344.0,0.07719696969696968,0.2395454545454545,278.0,0.009166666666666662,0.17416666666666666,227
64,2013-01-01,0.1978015873015873,0.4376746031746032,350.0,-0.0087987012987013,0.26029401154401155,259.0,0.14708452950558212,0.35425712007290955,266.0,-0.017470760233918126,0.3758040935672515,341.0,0.20773944805194805,0.4657832792207793,306.0,0.0625,0.07875,86.0,0.03283333333333333,0.11300000000000002,282,-0.21833333333333335,0.5258333333333334,378.0,0.09731060606060606,0.2382992424242424,246.0,0.09,0.2997916666666667,258
65,2013-02-01,0.1377558479532164,0.42931286549707603,342.0,0.03596491228070176,0.40263157894736845,303.0,0.08718434343434343,0.2071862859362859,243.0,0.0006902673350041811,0.402766290726817,266.0,0.17886679292929292,0.4657828282828283,329.0,0.054166666666666675,0.07583333333333334,107.0,0.13686796536796536,0.32396266233766235,343,-0.060473484848484846,0.3961994949494949,278.0,-0.05,0.1675,346.0,0.14510551948051947,0.2693695887445887,321
66,2013-03-01,0.14104166666666668,0.5529166666666667,326.0,-0.036071428571428574,0.1951190476190476,331.0,0.033625730994152045,0.2656432748538012,212.0,-0.03585648148148148,0.416087962962963,262.0,0.15969113756613756,0.43957473544973535,299.0,-0.02,0.17583333333333334,135.0,0.18467105263157896,0.283562030075188,302,0.020942982456140354,0.3024122807017543,274.0,0.05333333333333333,0.19916666666666666,227.0,0.08103070175438597,0.2956140350877193,212
67,2013-04-01,0.28720238095238093,0.544125457875458,383.0,0.06067460317460317,0.21228174603174602,264.0,0.0981868686868687,0.2929449855699856,292.0,-0.10848997493734336,0.37835213032581455,315.0,0.226967803030303,0.5263162878787879,321.0,0.005606060606060606,0.12500000000000003,94.0,0.09168859649122807,0.2501754385964912,318,0.0816679292929293,0.20517550505050508,284.0,0.06,0.22999999999999998,217.0,0.13116883116883116,0.2700998075998076,244
68,2013-05-01,0.18845238095238095,0.4226190476190476,370.0,-0.0031415043290043297,0.493922619047619,320.0,0.059301948051948036,0.375450937950938,307.0,-0.07629166666666667,0.3966458333333334,312.0,0.2446532999164578,0.5181913116123642,271.0,0.015909090909090907,0.025,43.0,0.08493560606060606,0.3385113636363636,321,0.09669034090909091,0.292092803030303,261.0,0.009437229437229433,0.45145743145743145,267.0,0.06541666666666666,0.35708333333333336,288
69,2013-06-01,0.13341666666666668,0.4779444444444444,383.0,0.19166666666666668,0.538888888888889,294.0,0.046815375982042655,0.23240740740740737,241.0,-0.07145833333333335,0.39375,315.0,0.22075814536340851,0.4648057644110276,271.0,0.0023809523809523807,0.04666666666666667,205.0,0.05333333333333333,0.27600694444444446,297,0.034873737373737376,0.1930050505050505,316.0,0.08041666666666666,0.2922222222222222,292.0,0.09645833333333333,0.32673611111111117,299
70,2013-07-01,0.037,0.33591666666666664,362.0,0.09827777777777777,0.3454027777777778,249.0,0.01277777777777778,0.2715972222222222,233.0,-0.0628635101010101,0.4275151515151515,341.0,0.1975,0.47250000000000003,242.0,0.027500000000000004,0.045,101.0,0.11031746031746033,0.2625396825396826,326,0.0926996151996152,0.205460557960558,324.0,0.03401515151515151,0.3469949494949495,235.0,0.09270833333333334,0.325,230
71,2013-08-01,0.14727443609022556,0.30202589807852964,313.0,0.010984848484848491,0.30814393939393936,296.0,0.04430555555555554,0.3593055555555555,242.0,-0.07819061147186147,0.4079096019721019,349.0,0.09642477405635304,0.4736576289207869,291.0,0.019999999999999997,0.02981481481481481,73.0,0.04396428571428572,0.3746666666666666,290,0.06768308080808083,0.41969696969696973,374.0,0.04174242424242424,0.21136363636363634,289.0,0.07125,0.16083333333333333,223
72,2013-09-01,0.09408333333333332,0.43374999999999997,338.0,-0.001714285714285707,0.37982936507936504,279.0,0.017499999999999995,0.19,277.0,-0.060579051796157045,0.4360912698412698,326.0,0.23809343434343438,0.4797695707070707,302.0,0.07,0.13999999999999999,109.0,0.12217285638338271,0.3645980481506797,294,0.030123456790123453,0.3439506172839506,305.0,0.030833333333333334,0.0425,191.0,0.01883333333333333,0.23700000000000002,215
73,2013-10-01,0.3149134199134199,0.4024891774891774,288.0,-0.024690476190476193,0.21421428571428575,231.0,0.08321924603174605,0.32158730158730153,284.0,-0.06229636591478696,0.3789003759398496,328.0,0.1765109126984127,0.4641289682539682,255.0,0.05921052631578947,0.15614035087719297,185.0,0.04298245614035088,0.14451754385964913,251,0.019847883597883594,0.34836640211640213,311.0,0.1159848484848485,0.3446717171717172,244.0,0.11750000000000001,0.21041666666666664,280
74,2013-11-01,0.12346775793650792,0.46798561507936515,343.0,0.06796031746031746,0.10522420634920635,253.0,0.06103263208526366,0.42051593630540995,261.0,-0.007752525252525252,0.3994823232323233,341.0,0.15776280663780665,0.49106583694083705,286.0,0.0,0.0,92.0,0.10885964912280702,0.3068567251461988,260,0.04449494949494949,0.2762563131313131,308.0,-0.03984848484848484,0.1168939393939394,274.0,0.04666666666666666,0.14875,228
75,2013-12-01,0.11016547049441784,0.4377119883040935,372.0,0.18303872053872053,0.4363636363636364,260.0,0.11228070175438597,0.2660818713450292,212.0,-0.051377496772233605,0.4379180906812486,325.0,0.1960526315789474,0.4897660818713449,326.0,0.013333333333333332,0.0475,72.0,0.06507841573631047,0.165065124933546,291,-0.07771338383838383,0.43152020202020197,324.0,-0.046098484848484826,0.25758838383838384,318.0,0.02570075757575758,0.19053030303030302,239
76,2014-01-01,0.2794444444444445,0.5319444444444444,343.0,-0.016546717171717167,0.41070075757575764,323.0,0.09687500000000002,0.3221924603174603,274.0,-0.08,0.37875,348.0,0.1350438596491228,0.4553070175438597,263.0,0.0,0.0,41.0,-0.0433531746031746,0.26257936507936513,312,-0.09362179487179488,0.27453525641025645,309.0,0.0553030303030303,0.23795454545454545,277.0,0.0428030303030303,0.2710385101010101,306
77,2014-03-01,0.0820049603174603,0.4438392475579976,765.0,0.02959887334887334,0.2945496632996633,623.0,0.1232354797979798,0.36140873015873015,524.0,-0.02439623064623065,0.427716108966109,604.0,0.22980327831890332,0.5004843073593074,659.0,0.0025,0.034999999999999996,197.0,0.08526196026196028,0.24295704295704296,541,0.05036722536722536,0.25217375217375215,561.0,0.04177083333333334,0.1888541666666666,465.0,0.1078520245186912,0.28910472243805585,505
78,2014-05-01,0.0991690408357075,0.388366571699905,787.0,-0.009439696106362772,0.30261455365622036,533.0,0.10132530663780663,0.25476370851370855,535.0,-0.045278332778332785,0.37768620268620273,629.0,0.1512948662948663,0.4921682396682397,526.0,0.025582750582750582,0.04553224553224554,186.0,0.10054961704961704,0.272968808968809,682,-0.04567129629629631,0.2999074074074074,641.0,0.0564150432900433,0.24478625541125543,521.0,0.035699855699855704,0.07697736291486292,559
79,2014-06-01,0.3913926716558295,0.6150216742322006,361.0,0.08176226551226551,0.23866522366522366,315.0,0.15501346801346802,0.2885016835016835,287.0,-0.10913194444444445,0.3690856481481481,318.0,0.1827046783625731,0.49369883040935675,306.0,0.04,0.05,55.0,0.11486111111111112,0.2900000000000001,410,0.21416666666666667,0.29500000000000004,347.0,0.017500000000000022,0.2583333333333333,255.0,0.12963636363636363,0.1993409090909091,278
80,2014-07-01,0.14692460317460318,0.3681696428571428,333.0,0.05956493506493508,0.30460533910533905,327.0,0.17865151515151517,0.29488203463203466,243.0,-0.030416666666666665,0.45999999999999996,317.0,0.17648065476190478,0.5368452380952381,330.0,0.04145833333333333,0.054166666666666675,101.0,0.31821825396825393,0.3829722222222222,284,-0.007499999999999995,0.16375,293.0,0.03363636363636364,0.09962121212121212,252.0,0.11291666666666667,0.14708333333333332,266
81,2014-08-01,0.06875,0.4466666666666666,349.0,0.03626395534290272,0.2676169590643275,241.0,0.01372443181818182,0.15285227272727273,216.0,-0.045444862155388475,0.39518379281537175,323.0,0.16628472222222226,0.46267361111111105,256.0,-0.00625,0.00625,110.0,0.08019781144781145,0.3710858585858586,254,0.08630357142857142,0.3178392857142857,298.0,0.04299242424242424,0.08469696969696969,269.0,0.08875,0.34750000000000003,213
82,2014-09-01,0.061580165692007804,0.41323708576998053,288.0,0.0706140350877193,0.3359649122807018,334.0,0.11757575757575758,0.349280303030303,276.0,-0.07923976608187135,0.3940789473684211,282.0,0.05472420634920636,0.5484305555555555,312.0,0.009821428571428571,0.02380952380952381,131.0,0.09316666666666669,0.2885000000000001,346,-0.022188995215311008,0.24855130249867094,273.0,0.004166666666666668,0.13083333333333333,262.0,0.025555555555555554,0.2822916666666667,254
83,2014-10-01,0.023019209956709967,0.24374161255411253,364.0,0.05567738095238095,0.21043571428571423,326.0,0.0053030303030303,0.21955565268065272,285.0,-0.031691017316017325,0.41235064935064936,368.0,0.1802935606060606,0.4804924242424242,301.0,0.0359250398724083,0.06989633173843701,111.0,0.09396730462519935,0.23216905901116433,245,0.03443495101389838,0.37569691273638645,328.0,0.03397727272727273,0.1603409090909091,293.0,0.16341666666666665,0.22949999999999998,268
84,2014-11-01,0.01837932900432901,0.28161886724386725,344.0,-0.0013157894736842081,0.20536437246963563,265.0,0.06805555555555555,0.22611111111111115,262.0,-0.09977861319966581,0.4143943191311612,313.0,0.11432017543859647,0.5316228070175439,312.0,-0.0375,0.11416666666666667,138.0,-0.011700847763347769,0.21866152597402594,308,0.045570839978734706,0.18092769803296116,328.0,-0.13347943722943723,0.4285010822510822,270.0,0.0634090909090909,0.21261363636363634,231
85,2014-12-01,0.06447443181818183,0.3639772727272727,367.0,-0.058957631874298554,0.33445707070707065,310.0,0.15023923444976078,0.3803296119085593,249.0,-0.08610380116959065,0.34173245614035086,312.0,0.25244019138755985,0.49423383633909945,269.0,0.029628522062732587,0.14244085592769803,193.0,0.03146217817270449,0.1938568010936432,296,0.14261574074074074,0.2539814814814815,307.0,-0.07152777777777777,0.14375,238.0,-0.022368421052631583,0.10921052631578948,272
86,2015-01-01,0.03538888888888888,0.3121111111111111,318.0,0.14241161616161616,0.33535353535353535,303.0,0.11750000000000001,0.09916666666666667,258.0,-0.0321738057264373,0.4010897508923825,324.0,0.23186507936507939,0.5158465608465609,348.0,0.12242108585858587,0.26677398989898987,214.0,0.016984848484848485,0.24570875420875424,274,0.1017572339940761,0.39211475658844075,270.0,-0.21409090909090905,0.6163636363636364,284.0,-0.08820075757575759,0.3997474747474747,295
87,2015-03-01,0.09364867424242429,0.3079330808080808,696.0,0.047877976190476186,0.12932440476190477,694.0,0.11466630591630592,0.17852723665223666,478.0,-0.039457070707070704,0.3810654623154623,635.0,0.19998259623259623,0.5237858312858313,583.0,0.036428571428571435,0.17816964285714287,482.0,-0.006482954545454542,0.2511262626262626,578,0.0547979797979798,0.15616420616420618,674.0,0.19113636363636366,0.3283017676767677,493.0,0.05285984848484848,0.14199810606060606,510
88,2015-05-01,0.09894841269841269,0.37643060643060644,623.0,0.055819188121819706,0.29963298397508925,607.0,0.1691152597402597,0.3442499398749399,520.0,-0.08761053391053392,0.39680493326118327,696.0,0.18073282163742693,0.5225456871345028,559.0,-0.03132867132867133,0.22424630924630926,413.0,0.01737206652996127,0.25085446570972886,611,0.02564555327713224,0.25944287802840443,598.0,-0.06037499999999999,0.25099999999999995,545.0,0.10319444444444448,0.2877951388888888,564
89,2015-07-01,0.06752570346320347,0.4399323593073593,637.0,0.02987247474747474,0.2343888888888889,633.0,0.06757178007178008,0.27879712879712887,476.0,-0.07158783783783783,0.39994369369369365,556.0,0.2272214105339106,0.4900574795574795,578.0,0.018257575757575757,0.1106628787878788,340.0,0.004997995831329165,0.36090924507591177,601,0.0635888802555469,0.22192653025986359,606.0,0.025946969696969698,0.16975378787878784,579.0,0.08760416666666668,0.16125000000000003,418
90,2015-08-01,0.04011322498164605,0.44907755499860774,340.0,-0.020148856990962256,0.23759303561935136,293.0,0.22900568181818182,0.39937500000000004,250.0,-0.06467105263157895,0.40029970760233924,277.0,0.195,0.4927083333333334,175.0,-0.075,0.225,178.0,0.03863095238095238,0.12581349206349207,319,-0.024166666666666666,0.10250000000000001,333.0,-0.02361111111111111,0.12194444444444448,244.0,0.03458333333333334,0.19749999999999998,260
91,2015-09-01,0.06775959595959595,0.31036540404040397,329.0,-0.047781954887218044,0.23618003341687546,297.0,0.20916666666666667,0.33472222222222225,282.0,-0.08960326953748007,0.3883472886762361,369.0,0.18875,0.5225,336.0,0.06681818181818182,0.12999999999999998,269.0,0.013484848484848483,0.17231060606060605,328,0.05968567251461989,0.30116959064327486,287.0,0.08647402597402595,0.3107824675324675,252.0,0.0353030303030303,0.20729978354978357,280
92,2015-10-01,-0.01001253132832081,0.38427944862155394,313.0,0.05458333333333333,0.1779166666666667,373.0,0.019545454545454543,0.18931818181818177,197.0,-0.000819444444444441,0.4225694444444444,347.0,0.24457602339181286,0.5407602339181287,288.0,0.019444444444444445,0.036111111111111115,70.0,-0.03396442099567099,0.5312276785714285,263,-0.056666666666666664,0.18749999999999997,315.0,0.02815972222222222,0.28562499999999996,280.0,0.07135566188197767,0.27797647527910685,267
93,2015-11-01,0.11751063264221157,0.4216374269005848,354.0,0.04791666666666666,0.2223148148148148,340.0,0.20150673400673397,0.437962962962963,315.0,0.004135433280170119,0.4187092415381889,346.0,0.14996022727272726,0.4327424242424242,359.0,0.0574074074074074,0.07962962962962962,187.0,0.027083333333333327,0.19055555555555556,317,-0.025312650312650314,0.24150132275132272,349.0,0.030000000000000006,0.11277777777777778,322.0,0.19888888888888887,0.3869444444444444,231
94,2015-12-01,0.14245082402977138,0.40252335383914334,336.0,0.03361309523809524,0.21173743386243382,394.0,0.11919524189261033,0.324754120148857,248.0,-0.07379843073593073,0.4260399531024531,344.0,0.2495535714285714,0.49851190476190477,291.0,0.006578947368421052,0.10745614035087718,130.0,0.09439678030303028,0.3677149621212122,298,-0.04835925039872408,0.36025717703349286,260.0,-0.11786796536796536,0.32563852813852806,257.0,0.006666666666666665,0.21583333333333332,315
95,2016-01-01,0.062140873015873024,0.38038690476190473,336.0,0.07895833333333332,0.22562499999999996,356.0,0.03226010101010101,0.19277777777777777,178.0,-0.045953914141414136,0.41016982323232326,332.0,0.15563383838383837,0.41471464646464645,372.0,-0.016696570972886765,0.2641547049441786,252.0,0.13077651515151517,0.35925505050505047,331,0.048370927318295745,0.30133667502088557,271.0,0.012803030303030307,0.1787878787878788,233.0,0.030744949494949495,0.17581406166932484,246
96,2016-02-01,-0.025357142857142863,0.4726785714285714,300.0,0.03363888888888889,0.18615277777777775,326.0,0.16784271284271282,0.28339105339105336,251.0,-0.12526984126984128,0.4394543650793651,371.0,0.17835069444444446,0.5068055555555555,329.0,-0.01818181818181818,0.12772727272727274,183.0,0.07003373015873017,0.3373670634920635,314,0.07537878787878788,0.2882765151515152,331.0,-0.019166666666666672,0.19333333333333333,280.0,0.0300952380952381,0.08726190476190476,238
97,2016-03-01,0.08318326118326118,0.3962431457431458,344.0,0.06972222222222221,0.2311111111111111,306.0,0.048270676691729325,0.26902255639097744,207.0,-0.017127976190476197,0.40518551587301577,329.0,0.19710412394622923,0.4912326270221007,274.0,0.03235119047619047,0.15603174603174602,205.0,0.08916666666666666,0.19444444444444442,285,0.098984126984127,0.3673968253968254,308.0,0.05537878787878788,0.2777272727272727,267.0,0.06647569444444444,0.2780555555555556,299
98,2016-04-01,0.07065723019670389,0.34067650186071247,306.0,0.08630952380952381,0.17982804232804234,240.0,0.12022860180754917,0.18099415204678362,211.0,-0.03451397907647907,0.4348184523809523,331.0,0.18371212121212124,0.4963357256778309,316.0,0.023244949494949492,0.0636868686868687,185.0,0.04942361111111111,0.2551180555555556,345,0.0030681818181818184,0.23043560606060604,293.0,0.12102272727272727,0.18702020202020203,329.0,0.12368421052631577,0.256187343358396,238
99,2016-05-01,0.11319444444444446,0.2997222222222222,306.0,0.13028362573099414,0.2831374269005848,330.0,0.09753787878787878,0.2843855218855219,225.0,-0.058916666666666666,0.41352572016460915,270.0,0.20820795676058837,0.4460451001240475,314.0,-0.021856060606060608,0.17075757575757572,172.0,-0.032499999999999994,0.1270238095238095,308,0.041749999999999995,0.3307731481481482,301.0,0.005613676447009778,0.2657397386564053,272.0,0.2157894736842105,0.4875,231
100,2016-06-01,-0.022840909090909096,0.30291666666666667,344.0,-0.01701736111111111,0.26894444444444443,362.0,0.05288825757575757,0.1971969696969697,265.0,-0.06607040644540643,0.4088266502016502,350.0,0.21725000000000003,0.4744999999999999,269.0,0.036504329004329,0.28237554112554114,188.0,0.07320833333333333,0.30679166666666663,232,0.06435606060606061,0.18861742424242428,305.0,-0.06782634032634034,0.18433954933954935,254.0,-0.0425,0.12083333333333332,338
101,2016-07-01,0.11852777777777776,0.5295694444444445,354.0,0.13662280701754384,0.22521929824561404,252.0,0.11163742690058479,0.21299707602339182,224.0,-0.03973052897395003,0.3509296916533758,334.0,0.180625,0.4766666666666667,399.0,0.0030075187969924823,0.14718045112781955,136.0,0.15770334928229665,0.25453748006379584,187,-0.05874999999999999,0.3136111111111111,355.0,-0.02492424242424243,0.14386363636363636,316.0,0.053276515151515144,0.13481060606060608,247
102,2016-08-01,0.12246287878787879,0.3436615800865801,347.0,0.12068722943722943,0.17812409812409813,325.0,0.03713564213564213,0.2987193362193362,223.0,-0.06839691558441557,0.40574044011544014,323.0,0.19256250000000003,0.47747222222222224,337.0,0.0075000000000000015,0.0125,159.0,0.03647393578643578,0.2520893759018759,321,-0.03888888888888889,0.25380116959064325,274.0,0.11725378787878786,0.26723484848484846,278.0,0.09007177033492823,0.16666666666666666,219
103,2016-09-01,0.03195075757575757,0.24629419191919194,278.0,0.1378030303030303,0.20295454545454544,284.0,0.08745670995670995,0.2623755411255411,266.0,-0.06504464285714286,0.38974702380952386,333.0,0.16473684210526318,0.44652046783625726,290.0,-0.1993409090909091,0.2858636363636363,263.0,0.05733333333333333,0.20065277777777774,328,-0.002979797979797977,0.3044191919191919,305.0,-0.03299828643578643,0.32721636002886,301.0,0.09083333333333334,0.21749999999999997,224
104,2016-10-01,0.04905555555555556,0.47144444444444444,326.0,0.08804713804713804,0.1391203703703704,233.0,0.07163419913419915,0.31195526695526693,210.0,-0.05466666666666666,0.4026041666666666,378.0,0.17243551587301584,0.48231150793650795,356.0,0.041666666666666664,0.10416666666666667,104.0,0.07618686868686868,0.34858333333333336,313,-0.10742424242424242,0.42497474747474745,340.0,0.08993686868686868,0.22865530303030304,292.0,0.13603896103896104,0.27780844155844153,240
105,2016-11-01,0.18975000000000003,0.42891666666666656,340.0,0.028080555555555553,0.2941694444444444,353.0,0.08702020202020203,0.26636363636363636,324.0,-0.03842105263157895,0.39289473684210524,351.0,0.21074835658168994,0.4650974025974025,243.0,0.05708333333333333,0.38416666666666666,270.0,0.009966666666666665,0.14763055555555554,333,-0.021812003968253967,0.33402976190476197,328.0,-0.023030303030303033,0.19045454545454546,268.0,0.12694805194805192,0.3413744588744588,247
106,2016-12-01,0.06614430014430014,0.5135517676767677,383.0,0.06449675324675323,0.1451082251082251,336.0,0.06120202020202019,0.28360858585858584,261.0,-0.01324561403508771,0.3654678362573099,376.0,0.20177380952380952,0.46459457671957666,282.0,0.01937799043062201,0.0795055821371611,113.0,0.05749567099567099,0.22226942501942498,282,-0.012351190476190476,0.27419642857142856,304.0,-0.06999999999999999,0.14875,233.0,0.008931419457735247,0.17304625199362042,258
107,2017-01-01,0.11269423558897244,0.3701503759398497,329.0,-0.029901458190931877,0.1879224576592998,325.0,0.13421052631578947,0.2578947368421053,263.0,-0.010045454545454545,0.4597651515151515,390.0,0.12854288499025343,0.47544834307992206,327.0,0.017982456140350878,0.15921052631578947,316.0,0.11521363636363638,0.3139454545454545,291,-0.04468524531024532,0.3488997113997115,383.0,0.005833333333333333,0.03333333333333333,237.0,0.09,0.1,214
108,2017-02-01,0.1479431818181818,0.38398917748917744,353.0,0.10091991341991341,0.27638509151667046,374.0,0.10015948963317385,0.19059011164274323,250.0,-0.030535714285714288,0.41133928571428574,370.0,0.1983918128654971,0.4465643274853801,357.0,0.1672727272727273,0.3003535353535354,308.0,0.03552380952380953,0.2042066798941799,426,0.10854166666666668,0.3220833333333334,333.0,-0.022901265401265403,0.23317099567099567,295.0,0.027043650793650793,0.11837572150072151,283
109,2017-03-01,0.20928362573099416,0.35573830409356727,332.0,0.07441829004329004,0.19397456709956712,304.0,0.11483253588516745,0.29564061669324826,249.0,-0.054576118326118334,0.42051625275309484,369.0,0.18450083542188808,0.45369047619047614,335.0,0.02886762360446571,0.09335459861775652,151.0,0.05555050505050505,0.3931868686868687,329,0.04177083333333334,0.37968749999999996,313.0,-0.038194444444444434,0.26041666666666663,279.0,0.06456349206349206,0.33961399711399703,274
110,2017-04-01,0.12709455667789,0.49338103254769927,347.0,0.03467532467532468,0.2736796536796537,309.0,0.08238636363636363,0.2105861244019139,185.0,-0.02354232804232804,0.40395634920634915,347.0,0.13774583333333332,0.4813940476190477,381.0,0.0719298245614035,0.09978070175438597,216.0,0.09832820688083847,0.2747721576668945,296,0.07980407581102024,0.4130417434931324,321.0,0.12840909090909092,0.22594696969696973,241.0,0.01577651515151516,0.19835227272727274,281
111,2017-05-01,0.004576023391812866,0.3724707602339181,344.0,0.11354797979797979,0.31212289562289564,357.0,0.07444444444444444,0.23926900584795321,276.0,-0.06148544973544974,0.4131580687830688,389.0,0.14926785714285717,0.5000714285714285,327.0,-0.027889610389610388,0.3435624098124098,348.0,0.030637626262626262,0.280574494949495,321,0.029075529733424466,0.23422350067086908,347.0,0.03217261904761905,0.3568452380952381,285.0,0.05976874003189792,0.2335127591706539,281
112,2017-06-01,0.11798767752715121,0.5354140158087527,383.0,0.1393407761828814,0.44860668084352306,386.0,0.1908766233766234,0.3745887445887446,296.0,-0.0940486111111111,0.42090509259259257,369.0,0.20602358168147644,0.4958162451583504,319.0,0.01571969696969697,0.09583333333333334,143.0,0.13873412698412702,0.30094246031746036,386,0.009838516746411485,0.20483452950558215,292.0,0.03681818181818182,0.29717171717171714,285.0,0.20372807017543862,0.31250000000000006,282
113,2017-07-01,-0.04909027777777777,0.520125,369.0,-0.017087510442773582,0.38845238095238094,323.0,0.02212247474747474,0.28655176767676765,253.0,-0.04904998969284684,0.4066122448979591,335.0,0.25297619047619047,0.4694444444444444,299.0,0.009282296650717703,0.07684210526315789,218.0,0.1186629551004551,0.33357326007326005,334,0.011788720538720538,0.2478009259259259,325.0,-0.012500000000000006,0.35708333333333336,299.0,0.10877192982456141,0.24802631578947365,283
114,2017-08-01,0.14852941176470588,0.3274509803921569,327.0,0.14465766689450898,0.2912502848029164,327.0,0.04305650489861016,0.20805802384749755,265.0,-0.060904761904761906,0.4569027777777778,392.0,0.2067355889724311,0.45651211361737676,322.0,-0.027777777777777776,0.027777777777777776,205.0,0.010905103668261562,0.16493221690590115,273,0.018285613022455138,0.3155271385534544,340.0,-0.008452380952380947,0.42176691729323307,246.0,0.15683333333333332,0.34812499999999996,343
115,2017-09-01,0.015119047619047608,0.3162092731829574,283.0,0.045218434343434345,0.21675126262626265,312.0,0.12753094858358016,0.21477177792967264,252.0,-0.0468671679197995,0.48342209690893906,416.0,0.2412305194805195,0.5016964285714287,317.0,0.05618686868686868,0.1398358585858586,172.0,0.061283422459893044,0.14878787878787877,177,0.18190267335004176,0.4958890281258702,378.0,-0.02909090909090909,0.20969696969696966,251.0,0.07189992025518342,0.2233652312599681,279
116,2017-10-01,0.11845057720057721,0.45895502645502645,301.0,-0.009715576820839981,0.2578947368421053,412.0,0.0729323308270677,0.28959899749373436,251.0,-0.09639355742296918,0.36200980392156856,255.0,0.24960437710437708,0.4877861952861953,239.0,0.01574074074074074,0.20925925925925926,248.0,0.08362041467304625,0.3149774056353004,313,0.06979517396184062,0.26881313131313134,337.0,0.019166666666666676,0.30041666666666667,269.0,0.12037037037037036,0.19074074074074077,254
117,2017-11-01,0.09205589826839826,0.3846709836459837,567.0,0.04329573934837092,0.21662907268170425,415.0,0.11682702020202021,0.3390757575757576,325.0,-0.04948934837092732,0.40228696741854636,537.0,0.1422222222222222,0.4338750000000001,492.0,-0.007843137254901962,0.09404761904761905,224.0,0.043978253715095825,0.2901632870053923,492,0.15526315789473685,0.2743295739348371,491.0,-0.010964912280701756,0.3484649122807017,295.0,0.15576388888888887,0.36965277777777783,351
118,2017-12-01,0.1600246512746513,0.43663309684143015,396.0,-0.030231729055258467,0.17110665478312537,391.0,0.04128787878787879,0.09373737373737374,294.0,-0.011995373907138614,0.4674586198115611,496.0,0.21068154761904762,0.5252268518518519,593.0,0.10116959064327485,0.12748538011695906,280.0,0.0351984126984127,0.36154761904761906,394,-0.012409812409812418,0.37598636743373587,470.0,0.02824603174603175,0.3136468253968254,404.0,0.09298245614035087,0.2595394736842105,266
119,2018-01-01,0.10187199374699375,0.42423601090267754,592.0,0.07938526182077771,0.2577083070882674,460.0,0.152659632034632,0.25081574675324675,566.0,0.027080365622032285,0.4107091982091982,503.0,0.18799146510456033,0.44519589317208363,625.0,-0.02825814536340852,0.1745718462823726,309.0,0.04195075757575757,0.30823863636363635,411,0.07312850729517395,0.32733164983164986,503.0,7.575757575757902e-05,0.24886363636363634,326.0,0.08555764411027571,0.25420321637426896,402
120,2018-02-01,0.17263993316624895,0.3677422723475356,455.0,0.04965823650034176,0.2651629072681705,483.0,0.1311612364243943,0.2974885129490393,338.0,-0.06621867167919798,0.4244903926482874,536.0,0.2119018558601892,0.4550050104216771,470.0,0.05425,0.11477777777777778,189.0,0.047103972051340474,0.3654567099567099,526,0.09630325814536339,0.404358813700919,608.0,0.055183792815371766,0.2764578111946533,308.0,0.2599255952380952,0.5113095238095238,338
121,2018-03-01,0.08361892736892737,0.34945085778419105,477.0,0.15781415343915345,0.41686287477954154,454.0,0.020394736842105264,0.2890350877192982,306.0,-0.033905945419103314,0.4014751087119508,400.0,0.17854244829244825,0.5260914902998236,445.0,0.07859427609427609,0.10121151996151996,299.0,0.06304781313553243,0.3456150688168233,532,0.028934193121693118,0.3505939153439154,619.0,0.06017543859649123,0.21614035087719297,282.0,-0.001515151515151518,0.2622272727272728,315
122,2018-04-01,0.2017485119047619,0.46352678571428574,391.0,0.1258399787347156,0.322140768588137,488.0,0.10460526315789474,0.3182539682539683,303.0,0.0387673478482302,0.4153379382055852,499.0,0.2517867110959216,0.5046472241209085,447.0,0.026403846153846156,0.29260004578754584,272.0,0.06596081349206351,0.3361736111111111,572,0.029845328282828286,0.30329401154401153,593.0,-0.05648869648869649,0.27807780182780184,400.0,-0.03120400432900433,0.16544101731601732,311
123,2018-05-01,0.10638492063492062,0.4904613095238094,554.0,0.1036352813852814,0.31240794853294845,548.0,0.13940746753246752,0.3833299512987013,386.0,-0.001156340187590184,0.4527503607503608,556.0,0.17782407407407408,0.48060185185185184,465.0,0.006428571428571428,0.12418650793650794,247.0,0.07471407296407295,0.3208656251156251,641,0.012595503911293379,0.4446012759170654,540.0,-0.01916666666666666,0.22958333333333333,402.0,0.06148809523809523,0.27152777777777776,330
124,2018-06-01,0.14016699735449734,0.4585119047619048,513.0,0.09530844155844156,0.37822059884559883,496.0,0.2639715608465608,0.5168194129503654,341.0,-0.10522660818713452,0.3736769005847953,391.0,0.14881766917293232,0.5036213988253462,609.0,0.11019921436588104,0.28327721661054994,253.0,0.016383572567783087,0.1572873471557682,355,-0.11279872134038799,0.4037268518518518,474.0,-0.015230429292929296,0.199636994949495,408.0,0.07847222222222222,0.26578703703703704,313
125,2018-07-01,0.0902483164983165,0.31509199134199134,546.0,0.008331228956228953,0.4954271885521886,618.0,0.034761904761904765,0.09517857142857142,232.0,-0.018374368686868682,0.4111931818181819,382.0,0.19183084876693898,0.4398519838557433,502.0,-0.004166666666666668,0.1363888888888889,201.0,-0.005661075036075035,0.2865927128427128,444,0.13551190476190475,0.4362619047619047,534.0,-0.04710497835497836,0.2334199134199134,339.0,0.09966341991341993,0.2896617965367966,540
126,2018-08-01,0.18978383458646617,0.38687395572263994,578.0,-0.007411678234046661,0.36468113966234267,410.0,0.15524122807017543,0.3211647173489278,444.0,0.01685651154401155,0.3938926366843033,568.0,0.13841478696741855,0.5115574650912996,446.0,0.002960164835164835,0.2749893162393163,320.0,0.07432900432900431,0.3689626211994633,434,0.01650955039112934,0.37121639325586697,558.0,0.014374999999999994,0.5129166666666667,335.0,0.08609613997113996,0.3864686147186147,359
127,2018-09-01,0.1021974648445237,0.3716176470588235,588.0,0.15267528223410579,0.31769756387403447,424.0,0.10985489818823152,0.36894500561167226,335.0,-0.07196869488536156,0.39374779541446214,465.0,0.1353670634920635,0.5058752204585537,568.0,0.12306832421964001,0.27448735475051267,413.0,0.040083243145743144,0.2966017316017316,508,0.04499481025796815,0.42796695020379233,547.0,0.14442499999999997,0.36970000000000003,347.0,-0.05521043771043771,0.38617634680134677,308
128,2018-10-01,0.09974101921470342,0.43339598997493733,503.0,0.06370813397129187,0.24468500797448167,474.0,0.09604589124325967,0.4140168603326498,433.0,-0.08029110549943883,0.4442662738496072,627.0,0.17430778371954841,0.5430248564072093,442.0,0.10500000000000001,0.2658333333333333,414.0,0.11326739618406284,0.39467732884399553,465,0.03573484848484849,0.3336439393939393,596.0,0.0786106680843523,0.2454988481304271,441.0,0.0809943181818182,0.4939046717171718,414
129,2018-11-01,-0.03316220238095238,0.3312797619047619,531.0,0.08680290297937357,0.24371976063152534,450.0,0.013110028860028858,0.22914321789321793,475.0,0.012348394660894662,0.4208990800865801,624.0,0.16191169889008233,0.4755682360663563,584.0,0.030263157894736846,0.19342105263157894,292.0,0.10481070099491155,0.3765466697045645,678,0.010647879167616007,0.30956804891015416,526.0,0.01975210437710438,0.21357112794612793,360.0,0.0731962481962482,0.3495695045695046,306
130,2018-12-01,0.10202080327080326,0.48286916786916784,628.0,0.0618622735289402,0.3647293704238148,456.0,0.1393731080949126,0.36985816814764183,324.0,-0.023101408825093022,0.4067550505050505,553.0,0.18254629629629626,0.4527777777777777,374.0,0.002812499999999999,0.21927083333333333,312.0,0.06283810325476992,0.38190573829462715,566,-0.0007758506113769305,0.3282191431862484,541.0,-0.03216374269005848,0.2621637426900585,340.0,0.14278689147110202,0.28722779170147594,412
131,2019-01-01,-0.14821428571428572,0.45862050960735157,589.0,0.04763988095238096,0.2519037698412699,547.0,0.010498626617047679,0.28568928634718105,315.0,-0.06851669973544974,0.37821213624338623,554.0,0.1977380952380952,0.5190685045948203,528.0,0.1254608585858586,0.23657407407407405,388.0,0.14185606060606062,0.2806776094276094,544,-0.006945446528779869,0.3566179653679653,545.0,-0.19901515151515153,0.49189393939393933,291.0,0.1254920761499709,0.43349535454798616,347
132,2019-03-01,0.1457406204906205,0.4489141266896368,1075.0,0.04369690814036052,0.25434011601273504,863.0,0.15223762348762349,0.3135556110556111,744.0,-0.03154550079550079,0.41788228129894794,1221.0,0.1180049808621237,0.4410668439239868,1085.0,0.23146306818181822,0.35208869949494953,893.0,0.07703886554621847,0.39566911764705875,838,0.02136564580643528,0.37315322713349025,938.0,0.005650522317188981,0.19848053181386516,666.0,0.060783105783105786,0.3338140563140563,780
133,2019-04-01,0.03400622525622525,0.4791897916897917,541.0,0.029400584795321635,0.28097535505430243,528.0,0.08167995746943116,0.25775385433280174,388.0,-0.07319184227078963,0.4350659330922489,688.0,0.2406866914761652,0.49508949140528086,439.0,0.027812499999999997,0.18468749999999998,364.0,0.07174316578483246,0.34862924524035627,496,-0.001496734259892163,0.3017575187969925,478.0,-0.05492424242424243,0.42761363636363636,351.0,0.12910495936811725,0.30663780663780665,306
134,2019-05-01,0.12420136236312711,0.45929399032340207,517.0,0.04750212585034013,0.26642474489795914,394.0,0.06572128851540615,0.24353991596638663,308.0,-0.012745416348357522,0.40851551226551225,606.0,0.15556044973544975,0.4723171476671477,575.0,0.09529411764705883,0.1828921568627451,294.0,0.1633160366419295,0.4219814164010592,462,0.10934303350970019,0.5009920634920635,480.0,-0.05385416666666666,0.22104166666666672,433.0,0.010839015151515145,0.3387689393939394,348
135,2019-06-01,0.14325156325156327,0.5201815776815777,450.0,0.04039092970521542,0.2359561284162788,576.0,0.18039622414622417,0.3790885040885041,338.0,0.04907873907138612,0.4550224620151091,540.0,0.22283453798185943,0.48557433390022675,548.0,0.06791666666666668,0.26958333333333334,352.0,0.0739077380952381,0.19585119047619046,333,-0.04188455988455989,0.4528001443001443,655.0,0.04700094696969697,0.33449999999999996,295.0,0.14173310485810486,0.39372765351932026,393
136,2019-07-01,0.09010097845624161,0.4856702422820845,706.0,0.007924166476798056,0.3538805346700083,462.0,0.15155299865826183,0.34297138047138054,407.0,-0.033284722222222216,0.4769629375254375,572.0,0.1810924500739316,0.4740727268273565,427.0,-0.0015972222222222236,0.1448611111111111,248.0,0.013403713056490836,0.3625502712308267,499,0.012316207184628239,0.23935498468393204,528.0,-0.0013914141414141435,0.3243989898989899,372.0,0.11943627450980392,0.3306045751633987,358
137,2019-08-01,0.11621685606060608,0.4606299102132435,541.0,0.12651833460656992,0.32268907563025206,508.0,0.0370314253647587,0.23839085297418627,364.0,-0.06429705215419501,0.4653816087838645,574.0,0.08808583959899752,0.5000365497076024,562.0,0.15220627325890482,0.21105794790005317,282.0,0.07074225460386176,0.27199161398566163,390,-0.11251177743824803,0.41628076988371104,540.0,0.03657407407407408,0.4275793650793651,285.0,0.11738095238095238,0.2129831932773109,380
138,2019-09-01,0.1656125794283689,0.39366321422242473,511.0,0.005827827143616609,0.35506901724006984,467.0,0.09857146197423974,0.3924507642563198,435.0,-0.02504225288600289,0.4285288149350649,560.0,0.20767803030303028,0.5015656565656565,602.0,0.1195767195767196,0.18932980599647264,242.0,0.061919381787802846,0.36678815093288775,488,0.07908950617283955,0.37816358024691354,530.0,-0.046838924963924965,0.2784072871572872,516.0,0.06804653679653679,0.3692403356877041,413
139,2019-10-01,0.19314574314574318,0.51261544011544,571.0,0.0771396293764715,0.2629473304473305,538.0,0.0517982456140351,0.3673684210526316,382.0,-0.027822128851540617,0.411109943977591,431.0,0.17932330827067666,0.4835160818713449,582.0,0.028402635376319596,0.36316681856155536,439.0,-0.004447925368978002,0.3978188526872737,492,0.036166666666666666,0.3817063492063492,512.0,0.04650793650793651,0.4628968253968253,298.0,0.15719020562770564,0.32444196428571426,278
140,2019-11-01,0.25724232117089263,0.5851342506699649,464.0,0.06789473684210527,0.16850877192982452,521.0,0.21324671787907082,0.40482008459949637,350.0,-0.05432188425609477,0.44582621326042376,533.0,0.17638157894736842,0.5064623363965468,592.0,0.01736904761904762,0.12153571428571427,246.0,0.04771604938271604,0.3528946208112875,507,0.03929038281979459,0.23723155929038284,510.0,0.1009352272727273,0.3594281385281385,350.0,0.07459722222222222,0.30343055555555554,515
141,2019-12-01,0.10024370074370074,0.4958271419938087,513.0,-0.015687134502923982,0.347046783625731,485.0,0.1189057400932401,0.2483513986013986,313.0,-0.008714542036910458,0.40405545112781954,534.0,0.15719907407407405,0.45709876543209876,497.0,-0.0005670995670995626,0.16238378288378286,374.0,0.20438596491228073,0.39974937343358397,416,0.04957311207311207,0.3667911888306625,543.0,0.018986111111111106,0.32238888888888895,391.0,0.10139419404125287,0.48067969612087263,290
142,2020-01-01,0.07300277076318744,0.44567269921436586,527.0,0.11019444444444446,0.25709722222222225,481.0,-0.010380116959064326,0.42061403508771933,398.0,-0.009830357142857144,0.4059494047619047,665.0,0.16420324990265467,0.43807004283194756,505.0,-0.026722222222222217,0.3648333333333333,231.0,-0.018257913301772954,0.37250928246542286,575,-0.002007275132275129,0.514092261904762,596.0,-0.02474621212121212,0.2094431818181818,351.0,0.06833333333333333,0.2656432748538012,342
143,2020-02-01,0.01570906432748538,0.3157832080200501,560.0,0.07802631578947371,0.2218796992481203,408.0,0.15779882154882155,0.2973695286195286,292.0,-0.031204146730462522,0.4014832535885168,506.0,0.17409856787832978,0.47511054421768706,608.0,0.04758771929824561,0.10714912280701754,243.0,0.12002777777777773,0.42294444444444446,506,0.1301218323586745,0.2733576998050682,524.0,-0.0676185064935065,0.39389069264069254,420.0,0.07242690058479533,0.303406432748538,340
144,2020-03-01,0.027871148459383745,0.40421918767507004,487.0,0.14207817523607,0.3480389104073314,450.0,0.07629901960784313,0.2893872549019608,289.0,0.05185747354497353,0.47313458994709007,705.0,0.14990680615680615,0.4792994428411095,515.0,0.03328409090909091,0.1198219696969697,167.0,0.11860046897546898,0.3066540103415103,609,0.17845551378446114,0.4923715538847117,601.0,0.08310606060606061,0.2916035353535354,409.0,0.05576739618406285,0.28299523007856336,324
145,2020-04-01,-0.021763768638768638,0.49434894580727917,591.0,0.11484766113516114,0.33935003006253,550.0,0.026340277777777775,0.23255853174603178,237.0,-0.058941147586980915,0.3804289421997755,584.0,0.12434732664995826,0.43570175438596487,618.0,-0.03771929824561403,0.22456140350877193,251.0,-0.036002601199969626,0.43636138958507387,602,0.0424618205868206,0.5196952661535995,568.0,0.1262088143338143,0.3432401394901395,402.0,-0.0032834595959595897,0.28661994949494946,354
146,2020-05-01,0.1235703842940685,0.44866541353383455,589.0,0.09444954648526077,0.3566757369614512,506.0,0.07064593301435405,0.25998205741626795,336.0,-0.008185916179337232,0.4240669381787803,531.0,0.11858061821219715,0.4732531328320802,503.0,0.03916666666666667,0.11979166666666666,232.0,0.10866544913419915,0.4336628562409812,452,0.00856516290726817,0.4038515797068428,640.0,0.07559011164274322,0.2170693779904306,333.0,0.09470836181362498,0.2382048872180451,379
147,2020-06-01,0.05075403898933311,0.39376255552726136,478.0,0.05112786023500309,0.3308760322310742,525.0,0.061871392496392494,0.3788857670107671,545.0,-0.045600684718331765,0.44495383338520594,545.0,0.20948963844797178,0.47098434744268086,548.0,-0.0025383297258297272,0.1764033189033189,283.0,0.04286279461279461,0.2541891985329485,249,-0.0011240659924870503,0.3454467097230256,487.0,-0.1366287878787879,0.34755681818181816,342.0,0.07228853383458646,0.20807017543859652,287
